Depth,Fines
10,0.323508407
20,0.204807828
30,0.320571473
40,0.28031979
50,0.441058031
60,0.586429661
70,0.366648444
80,0.620287411
90,0.599474937
100,0.749805672
